Work Vendor?,Vendor,Category,2024 Total,1,2,3,4,5,6,7,8,9,10,11,12,,11/01/23,12/01/23,12mo Total,,,,,,,,,,,,,,,,,
N,A&J SPORTING LL 3325 SW MILLER LN  580-3522443    OKUS,Sporting/Guns/Etc,-841.99,0.00,0.00,0.00,0.00,0.00,0.00,0.00,-841.99,0.00,0.00,0.00,0.00,,0.00,0.00,-841.99,,,,,,,,,,,,,,,,,
B,Amazon Prime,Streaming,-153.87,-16.10,-16.10,-16.10,-3.58,-16.10,-16.10,-16.10,-5.39,-16.10,-16.10,-16.10,0.00,,-16.10,-16.10,-169.97,,,,,,,,,,,,,,,,,
B,AMAZON.COM,General shopping,"-2,248.42",-148.40,-239.66,-170.51,-56.01,-424.31,-123.31,-128.15,-298.86,-336.39,-14.80,-71.20,-236.82,,-204.01,"-1,324.14","-3,468.55",,,,,,,,,,,,,,,,,
N,APPLE.COM/BILL,Cell Phones,-35.88,-2.99,-2.99,-2.99,-2.99,-2.99,-2.99,-2.99,-2.99,-2.99,-2.99,-2.99,-2.99,,-2.99,-2.99,-35.88,,,,,,,,,,,,,,,,,
B,APPLEBEES,Restaurants,0.00,0.00,0.00,0.00,0.00,0.00,0.00,0.00,0.00,0.00,0.00,0.00,0.00,,-56.33,0.00,-56.33,,,,,,,,,,,,,,,,,
N,ARBYS,Restaurants,-28.61,0.00,0.00,0.00,0.00,-12.91,0.00,0.00,0.00,-15.70,0.00,0.00,0.00,,-18.95,0.00,-47.56,,,,,,,,,,,,,,,,,
N,ATM Withdrawal Kwik Trip 5922 1225 W 4TH ST      RUSH CITY      MNUS,ATM withdrawals,-450.00,0.00,0.00,0.00,-450.00,0.00,0.00,0.00,0.00,0.00,0.00,0.00,0.00,,0.00,0.00,-450.00,,,,,,,,,,,,,,,,,
N,ATM Withdrawal MEMBERS COOP 6241 MAIN ST NORTH NORTH BRANCH   MNUS,ATM withdrawals,-200.00,0.00,0.00,0.00,-200.00,0.00,0.00,0.00,0.00,0.00,0.00,0.00,0.00,,0.00,0.00,-200.00,,,,,,,,,,,,,,,,,
N,AZAZIE INC,Health,0.00,0.00,0.00,0.00,0.00,0.00,0.00,0.00,0.00,0.00,0.00,0.00,0.00,,0.00,0.00,0.00,,,,,,,,,,,,,,,,,
N,BARNES &,Entertainment/books,-8.96,-8.96,0.00,0.00,0.00,0.00,0.00,0.00,0.00,0.00,0.00,0.00,0.00,,0.00,0.00,-8.96,,,,,,,,,,,,,,,,,
N,BEST DEFENSE ARMORYFOREST LAKE    MNUS,Sporting/Guns/Etc,-206.00,0.00,0.00,0.00,0.00,0.00,0.00,0.00,0.00,0.00,0.00,0.00,-206.00,,0.00,0.00,0.00,,,,,,,,,,,,,,,,,
N,BEST LOCKERS VA ONE VALLEY FAIR DRISHAKOPEE       MNUS,Entertainment/books,-15.00,0.00,0.00,0.00,0.00,0.00,0.00,0.00,0.00,-15.00,0.00,0.00,0.00,,0.00,0.00,-15.00,,,,,,,,,,,,,,,,,
N,BILL S GUN SHOP 4080 W BROADWAY AVECIRCLE PINES   MNUS,Sporting/Guns/Etc,0.00,0.00,0.00,0.00,0.00,0.00,0.00,0.00,0.00,0.00,0.00,0.00,0.00,,0.00,0.00,0.00,,,,,,,,,,,,,,,,,
N,BPSUBARU 7885 Brooklyn BouleBROOKLYN PARK  MNUS,Cars/repairs/oil/parts,0.00,0.00,0.00,0.00,0.00,0.00,0.00,0.00,0.00,0.00,0.00,0.00,0.00,,0.00,0.00,0.00,,,,,,,,,,,,,,,,,
N,BURGER KING #11 1560 WEST 4TH STREERUSH CITY      MNUS,Restaurants,-71.28,-5.37,-8.72,-8.58,-14.27,-16.11,0.00,0.00,0.00,0.00,0.00,-18.23,0.00,,0.00,-14.16,-67.21,,,,,,,,,,,,,,,,,
N,CAB STORE WOODB 8400 HUDSON ROAD   WOODBURY       MNUS,Unknown,-76.30,0.00,0.00,0.00,0.00,-76.30,0.00,0.00,0.00,0.00,0.00,0.00,0.00,,0.00,0.00,-76.30,,,,,,,,,,,,,,,,,
N,CAREINGTON INTERNAT972-335-6970   TXUS,Health,0.00,0.00,0.00,0.00,0.00,0.00,0.00,0.00,0.00,0.00,0.00,0.00,0.00,,0.00,0.00,0.00,,,,,,,,,,,,,,,,,
N,CARIBOU COFFEE 5911 SAINT CROIX TRNORTH BRANCH   MNUS,Restaurants,-20.00,0.00,0.00,0.00,-20.00,0.00,0.00,0.00,0.00,0.00,0.00,0.00,0.00,,0.00,0.00,-20.00,,,,,,,,,,,,,,,,,
N,CASEYS,Convenience Stores,-332.19,-19.32,0.00,-6.44,0.00,-109.99,-6.44,-12.88,0.00,0.00,-114.64,-62.48,0.00,,-26.59,-16.83,-313.13,,,,,,,,,,,,,,,,,
N,CHANHASSEN DINN 501 W 78TH ST      CHANHASSEN     MNUS,Entertainment/books,0.00,0.00,0.00,0.00,0.00,0.00,0.00,0.00,0.00,0.00,0.00,0.00,0.00,,0.00,-140.00,-140.00,,,,,,,,,,,,,,,,,
N,CHINA BUFFET 1331 3RD AVE SW STEFOREST LAKE    MNUS,Restaurants,-53.74,0.00,0.00,0.00,0.00,-53.74,0.00,0.00,0.00,0.00,0.00,0.00,0.00,,0.00,0.00,-53.74,,,,,,,,,,,,,,,,,
N,CHISAGO COUNTY 313 NORTH MAIN ST  8888916064     MNUS,Governments,-52.00,0.00,0.00,0.00,0.00,0.00,-52.00,0.00,0.00,0.00,0.00,0.00,0.00,,0.00,0.00,-52.00,,,,,,,,,,,,,,,,,
N,CHUCK&DONS FORE 1960 BROADWAY AVENUFOREST LAKE    MNUS,General shopping,0.00,0.00,0.00,0.00,0.00,0.00,0.00,0.00,0.00,0.00,0.00,0.00,0.00,,0.00,0.00,0.00,,,,,,,,,,,,,,,,,
N,"CITY OF RUSH CITY  - WATER, SEWER",Utilities,-237.44,-92.10,0.00,-51.12,-43.10,-51.12,0.00,0.00,0.00,0.00,0.00,0.00,0.00,,0.00,0.00,-237.44,,,,,,,,,,,,,,,,,
N,CONSULTING RADI 7595 ANAGRAM DRIVE 318-3298332    MNUS,Health,0.00,0.00,0.00,0.00,0.00,0.00,0.00,0.00,0.00,0.00,0.00,0.00,0.00,,0.00,-373.00,-373.00,,,,,,,,,,,,,,,,,
N,COURAGEOUS WAY 5824 213TH ST N    FOREST LAKE    MNUS,Health,-250.00,0.00,0.00,0.00,0.00,0.00,0.00,0.00,0.00,0.00,-500.00,250.00,0.00,,0.00,0.00,-500.00,,,,,,,,,,,,,,,,,
N,COVERT SCOUTING 1451 BOWLING GREEN 715-3959955    KYUS,Sporting/Guns/Etc,-155.88,-12.99,-12.99,-12.99,-12.99,-12.99,-12.99,-12.99,-12.99,-12.99,-12.99,-12.99,-12.99,,-12.99,-12.99,-155.88,,,,,,,,,,,,,,,,,
N,CUB FOODS #1634 2013 BROADWAY AVE WFOREST LAKE    MNUS,General shopping,-79.52,0.00,-16.60,-15.26,0.00,0.00,0.00,0.00,0.00,0.00,0.00,-37.92,-9.74,,0.00,0.00,-31.86,,,,,,,,,,,,,,,,,
N,CULVERS,Restaurants,-60.91,-12.13,-16.86,0.00,0.00,-16.32,0.00,0.00,0.00,0.00,0.00,0.00,-15.60,,-8.23,0.00,-53.54,,,,,,,,,,,,,,,,,
B,DAVID E ENGELKI 80 3RD ST NW       FOREST LAKE    MNUS,CPA,-240.00,0.00,-200.00,0.00,0.00,0.00,-40.00,0.00,0.00,0.00,0.00,0.00,0.00,,0.00,0.00,-240.00,,,,,,,,,,,,,,,,,
N,Disney Plus,Streaming,-55.78,0.00,0.00,0.00,0.00,0.00,0.00,-8.58,-8.58,-8.58,-8.58,-10.73,-10.73,,0.00,0.00,-34.32,,,,,,,,,,,,,,,,,
B,DOLLAR GE,General shopping,-682.95,-60.29,-37.86,-62.90,-87.90,-148.90,-28.20,-21.24,-37.65,-53.76,-58.10,-77.25,-8.90,,-47.43,-108.98,-753.21,,,,,,,,,,,,,,,,,
B,DOMINO'S,Restaurants,-104.81,0.00,-13.95,0.00,0.00,0.00,0.00,0.00,0.00,0.00,-90.86,0.00,0.00,,-21.45,0.00,-126.26,,,,,,,,,,,,,,,,,
N,DON JULIO,Restaurants,0.00,0.00,0.00,0.00,0.00,0.00,0.00,0.00,0.00,0.00,0.00,0.00,0.00,,0.00,-19.04,-19.04,,,,,,,,,,,,,,,,,
N,DQ BRAZIER #11202  FOREST LAKE    MNUS,Restaurants,0.00,0.00,0.00,0.00,0.00,0.00,0.00,0.00,0.00,0.00,0.00,0.00,0.00,,0.00,0.00,0.00,,,,,,,,,,,,,,,,,
N,EAST CENTRAL EN 412 MAIN AVE NORTH BRAHAM         MNUS,Utilities,-123.28,0.00,0.00,0.00,0.00,0.00,0.00,0.00,0.00,0.00,0.00,0.00,-123.28,,0.00,0.00,0.00,,,,,,,,,,,,,,,,,
N,ECE,Utilities,"-1,625.71",-116.83,-141.61,-137.16,-133.74,-140.57,-138.95,-157.07,-173.33,-171.03,-167.76,-147.66,0.00,,-122.60,-114.96,"-1,715.61",,,,,,,,,,,,,,,,,
N,EMAGINE WHITE B 1180 COUNTY ROAD J WHITE BEAR TW  MNUS,Entertainment/books,0.00,0.00,0.00,0.00,0.00,0.00,0.00,0.00,0.00,0.00,0.00,0.00,0.00,,-30.00,0.00,-30.00,,,,,,,,,,,,,,,,,
H,External Withdrawal AUTO-OWNERS PREMIUM COLLECT- EFT - INS. PREM,Insurance,"-1,956.60",-270.69,-270.69,-140.13,-140.10,-140.10,-140.10,-140.10,-140.10,-140.10,-163.80,0.00,-270.69,,-270.69,-270.69,"-2,227.29",,,,,,,,,,,,,,,,,
H,External Withdrawal NORTHWESTERN MU  - ISA PYMENT,Health,-783.60,-78.36,-78.36,-78.36,-78.36,-78.36,-78.36,-78.36,-78.36,-78.36,-78.36,0.00,0.00,,-78.36,-78.36,-940.32,,,,,,,,,,,,,,,,,
N,FAMOUS DAVE'S,Restaurants,0.00,0.00,0.00,0.00,0.00,0.00,0.00,0.00,0.00,0.00,0.00,0.00,0.00,,0.00,0.00,0.00,,,,,,,,,,,,,,,,,
N,FAWN DOE ROSA,Entertainment/books,-80.02,0.00,0.00,0.00,0.00,-42.26,-37.76,0.00,0.00,0.00,0.00,0.00,0.00,,0.00,0.00,-80.02,,,,,,,,,,,,,,,,,
B,FIESTA CANCUN,Restaurants,-283.25,-152.38,-12.33,-13.61,0.00,-30.63,0.00,0.00,0.00,0.00,0.00,-18.71,-55.59,,0.00,-31.61,-240.56,,,,,,,,,,,,,,,,,
N,FIREHOUSE SUBS 10700 FRANCE AVE S BLOOMINGTON    MNUS,Restaurants,-34.72,-17.36,0.00,0.00,-17.36,0.00,0.00,0.00,0.00,0.00,0.00,0.00,0.00,,0.00,0.00,-34.72,,,,,,,,,,,,,,,,,
N,FISK TIRE/AUTO REPANORTH BRANCH   USUS,Cars/repairs/oil/parts,0.00,0.00,0.00,0.00,0.00,0.00,0.00,0.00,0.00,0.00,0.00,0.00,0.00,,0.00,0.00,0.00,,,,,,,,,,,,,,,,,
B,FLEET FARM,General shopping,-500.75,0.00,0.00,0.00,0.00,-389.84,-110.91,0.00,0.00,0.00,0.00,0.00,0.00,,0.00,0.00,-500.75,,,,,,,,,,,,,,,,,
N,Full Draw Outdo 6017 Athens Trail  Stacy          MNUS,Sporting/Guns/Etc,-27.78,0.00,0.00,0.00,0.00,-27.78,0.00,0.00,0.00,0.00,0.00,0.00,0.00,,0.00,0.00,-27.78,,,,,,,,,,,,,,,,,
N,GOODWILL FOREST 197 19TH ST SW     FOREST LAKE    MNUS,General shopping,-58.24,0.00,0.00,0.00,0.00,0.00,-30.25,0.00,-12.00,0.00,0.00,-1.99,-14.00,,0.00,0.00,-42.25,,,,,,,,,,,,,,,,,
N,GREATER MIDWEST 200 5TH ST NW STE EELK RIVER      MNUS,General shopping,-5.20,0.00,0.00,0.00,0.00,0.00,0.00,-5.20,0.00,0.00,0.00,0.00,0.00,,0.00,0.00,-5.20,,,,,,,,,,,,,,,,,
B,HANK'S SPECIALT 2050 OLD HIGHWAY 8 NEW BRIGHTON   MNUS,General shopping,-60.37,0.00,-60.37,0.00,0.00,0.00,0.00,0.00,0.00,0.00,0.00,0.00,0.00,,0.00,0.00,-60.37,,,,,,,,,,,,,,,,,
N,HELP.MAX.COM Warner Media30 HudsNEW YORK       NYUS,General shopping,-10.73,0.00,0.00,0.00,0.00,0.00,0.00,0.00,-10.73,0.00,0.00,0.00,0.00,,0.00,0.00,-10.73,,,,,,,,,,,,,,,,,
B,HOLIDAY STATION,Convenience Stores,"-6,163.42",-343.75,-241.21,-497.81,-781.55,-811.01,-564.25,-437.58,-449.84,-415.25,-504.06,-608.59,-508.52,,-405.58,-382.18,"-5,834.07",,,,,,,,,,,,,,,,,
B,Anna HOLIDAY STATION,Convenience Stores,-104.35,0.00,0.00,0.00,0.00,0.00,0.00,0.00,0.00,0.00,0.00,0.00,-104.35,,0.00,0.00,0.00,,,,,,,,,,,,,,,,,
B,HOME DEPOT,Tools/Hardware,0.00,0.00,0.00,0.00,0.00,0.00,0.00,0.00,0.00,0.00,0.00,0.00,0.00,,0.00,0.00,0.00,,,,,,,,,,,,,,,,,
N,HULU               SANTA MONICA   CAUS,Streaming,-14.31,0.00,0.00,0.00,0.00,0.00,0.00,-14.31,0.00,0.00,0.00,0.00,0.00,,0.00,0.00,-14.31,,,,,,,,,,,,,,,,,
N,JIMMY JOHNS,Restaurants,-77.12,0.00,0.00,-35.01,-9.82,-21.46,0.00,0.00,0.00,0.00,0.00,-10.83,0.00,,0.00,-16.80,-83.09,,,,,,,,,,,,,,,,,
B,KWIK TRIP,Convenience Stores,"-4,776.65",-538.76,-397.36,-577.32,"-1,003.07",-297.50,-184.31,-49.23,-291.83,-253.67,-275.31,-526.23,-382.06,,-204.88,-207.48,"-4,280.72",,,,,,,,,,,,,,,,,
N,La Grande Salon,Health,0.00,0.00,0.00,0.00,0.00,0.00,0.00,0.00,0.00,0.00,0.00,0.00,0.00,,0.00,-70.72,-70.72,,,,,,,,,,,,,,,,,
N,LAKES DENTAL CL 956 WEST BROADWAY AFOREST LAKE    MNUS,Health,-394.48,-182.88,0.00,0.00,0.00,0.00,-211.60,0.00,0.00,0.00,0.00,0.00,0.00,,0.00,0.00,-394.48,,,,,,,,,,,,,,,,,
N,"Loccitane Broadway, 2nd floor8886232880 NYUS",Health,-38.60,0.00,0.00,0.00,0.00,0.00,0.00,0.00,0.00,0.00,0.00,0.00,-38.60,,0.00,0.00,0.00,,,,,,,,,,,,,,,,,
N,HK Law,Legal,"-3,000.00",0.00,0.00,0.00,0.00,0.00,0.00,0.00,0.00,0.00,"-3,000.00",0.00,0.00,,0.00,0.00,"-3,000.00",,,,,,,,,,,,,,,,,
N,LITTLE CAESARS 1   SAINT CLOUD    MNUS,Restaurants,-12.47,-12.47,0.00,0.00,0.00,0.00,0.00,0.00,0.00,0.00,0.00,0.00,0.00,,-11.38,0.00,-23.85,,,,,,,,,,,,,,,,,
N,MAIN STREET HAR 6388 MAIN ST       NORTH BRANCH   MNUS,General shopping,0.00,0.00,0.00,0.00,0.00,0.00,0.00,0.00,0.00,0.00,0.00,0.00,0.00,,0.00,0.00,0.00,,,,,,,,,,,,,,,,,
N,MAURICE'S MAURI MAURICES_00211WALMAFOREST LAKE    MNUS,General shopping,-19.43,0.00,0.00,0.00,0.00,0.00,-19.43,0.00,0.00,0.00,0.00,0.00,0.00,,0.00,0.00,-19.43,,,,,,,,,,,,,,,,,
N,MAURICES.COM 105 W SUPERIOR ST  DULUTH         MNUS,General shopping,-53.88,0.00,0.00,0.00,0.00,0.00,-53.88,0.00,0.00,0.00,0.00,0.00,0.00,,0.00,0.00,-53.88,,,,,,,,,,,,,,,,,
N,MAYSLACKS 1428 4TH STREET NORMINNEAPOLIS    MNUS,General shopping,-35.23,0.00,0.00,0.00,-35.23,0.00,0.00,0.00,0.00,0.00,0.00,0.00,0.00,,0.00,0.00,-35.23,,,,,,,,,,,,,,,,,
N,MCDONALD'S,Restaurants,-19.78,-19.78,0.00,0.00,0.00,0.00,0.00,0.00,0.00,0.00,0.00,0.00,0.00,,-8.68,-9.62,-38.08,,,,,,,,,,,,,,,,,
N,MED*HOSP PATHOL 2800 10TH AVE STE 2MINNEAPOLIS    MNUS,Health,-96.00,0.00,-96.00,0.00,0.00,0.00,0.00,0.00,0.00,0.00,0.00,0.00,0.00,,0.00,0.00,-96.00,,,,,,,,,,,,,,,,,
B,MENARDS CAMBRIDGE MCAMBRIDGE      MNUS,Tools/Hardware,0.00,0.00,0.00,0.00,0.00,0.00,0.00,0.00,0.00,0.00,0.00,0.00,0.00,,0.00,0.00,0.00,,,,,,,,,,,,,,,,,
B,MENARDS FOREST 22800 EVERTON AVE NFOREST LAKE    MNUS,Tools/Hardware,-339.75,-84.59,0.00,-49.23,0.00,-205.93,0.00,0.00,0.00,0.00,0.00,0.00,0.00,,0.00,0.00,-339.75,,,,,,,,,,,,,,,,,
N,MIDCO,Utilities,"-1,209.40",-99.95,-99.95,-100.95,-100.95,-100.95,-100.95,-100.95,-100.95,-100.95,-100.95,-100.95,-100.95,,-99.95,-99.95,"-1,207.40",,,,,,,,,,,,,,,,,
N,MIDWEST DENTAL CHISCHISAGO CITY   MNUS,Health,0.00,0.00,0.00,0.00,0.00,0.00,0.00,0.00,0.00,0.00,0.00,0.00,0.00,,0.00,0.00,0.00,,,,,,,,,,,,,,,,,
W,MINNESOTA TRANS 193 PENNSYLVANIA AVSAINT PAUL     MNUS,General shopping,-42.00,0.00,0.00,0.00,0.00,0.00,0.00,0.00,0.00,0.00,-42.00,0.00,0.00,,0.00,0.00,-42.00,,,,,,,,,,,,,,,,,
N,MINNESOTA STATE,General shopping,-20.00,0.00,0.00,0.00,0.00,0.00,0.00,0.00,0.00,0.00,0.00,0.00,-20.00,,0.00,0.00,0.00,,,,,,,,,,,,,,,,,
N,MINNESOTA VALLE 6300 AUTO CLUB RD  MINNEAPOLIS    MNUS,General shopping,-47.59,0.00,0.00,-47.59,0.00,0.00,0.00,0.00,0.00,0.00,0.00,0.00,0.00,,0.00,0.00,-47.59,,,,,,,,,,,,,,,,,
N,MN Energy Resources,Utilities,-377.99,0.00,-167.17,-75.26,0.00,-100.16,0.00,0.00,0.00,-10.20,0.00,-10.20,-15.00,,-22.02,-71.51,-446.32,,,,,,,,,,,,,,,,,
B,NAPA CAMPBRIDGE 240 GARFIELD ST S  CAMBRIDGE      MNUS,Cars/repairs/oil/parts,-7.54,-7.54,0.00,0.00,0.00,0.00,0.00,0.00,0.00,0.00,0.00,0.00,0.00,,0.00,0.00,-7.54,,,,,,,,,,,,,,,,,
N,NETFLIX,Streaming,-30.04,0.00,0.00,-7.51,-7.51,-7.51,-7.51,0.00,0.00,0.00,0.00,0.00,0.00,,0.00,0.00,-30.04,,,,,,,,,,,,,,,,,
N,NICK & DREW`S DISCOLINDSTROM      MNUS,Convenience Stores,0.00,0.00,0.00,0.00,0.00,0.00,0.00,0.00,0.00,0.00,0.00,0.00,0.00,,0.00,0.00,0.00,,,,,,,,,,,,,,,,,
N,NORTH BRANCH CO 5418 ST CROIX TRAILNORTH BRANCH   MNUS,Governments,-112.47,0.00,0.00,0.00,0.00,0.00,0.00,-29.92,-59.12,0.00,0.00,-16.94,-6.49,,0.00,-32.70,-121.74,,,,,,,,,,,,,,,,,
N,NORTH BRANCH COUNTYNORTH BRANCH   MNUS,Governments,0.00,0.00,0.00,0.00,0.00,0.00,0.00,0.00,0.00,0.00,0.00,0.00,0.00,,0.00,0.00,0.00,,,,,,,,,,,,,,,,,
B,OLDE BRICK INN,Restaurants,-87.56,0.00,0.00,-17.61,0.00,-24.86,-24.25,0.00,0.00,0.00,0.00,0.00,-20.84,,0.00,0.00,-66.72,,,,,,,,,,,,,,,,,
B,OLIVE GARDEN 1749 BEAM AVE      MAPLEWOOD      MNUS,Restaurants,0.00,0.00,0.00,0.00,0.00,0.00,0.00,0.00,0.00,0.00,0.00,0.00,0.00,,0.00,0.00,0.00,,,,,,,,,,,,,,,,,
B,OUR FAMILY WIZ,General shopping,-149.99,0.00,0.00,0.00,0.00,0.00,0.00,0.00,0.00,0.00,0.00,0.00,-149.99,,0.00,0.00,0.00,,,,,,,,,,,,,,,,,
B,O'REILLY,Cars/repairs/oil/parts,-185.18,0.00,0.00,0.00,0.00,-166.30,0.00,0.00,0.00,0.00,0.00,-18.88,0.00,,0.00,0.00,-166.30,,,,,,,,,,,,,,,,,
N,PARK BOARD MULT 2117 W RIVER RD    MINNEAPOLIS    MNUS,Entertainment/books,0.00,0.00,0.00,0.00,0.00,0.00,0.00,0.00,0.00,0.00,0.00,0.00,0.00,,0.00,0.00,0.00,,,,,,,,,,,,,,,,,
N,PAY* ALLINA HEA 32 Avenue of the AmNEW YORK       NYUS,Health,0.00,0.00,0.00,0.00,0.00,0.00,0.00,0.00,0.00,0.00,0.00,0.00,0.00,,0.00,0.00,0.00,,,,,,,,,,,,,,,,,
N,Pete's Rubbish,Utilities,-435.83,-106.42,0.00,-106.42,0.00,0.00,-114.24,0.00,0.00,0.00,-108.75,0.00,0.00,,0.00,0.00,-435.83,,,,,,,,,,,,,,,,,
N,PERKINS,Restaurants,-65.20,0.00,0.00,0.00,0.00,0.00,0.00,0.00,0.00,0.00,0.00,0.00,-65.20,,0.00,0.00,0.00,,,,,,,,,,,,,,,,,
N,PETERSON'S NORT 38964 BRANCH AVENUENORTH BRANCH   MNUS,General shopping,-70.97,0.00,0.00,0.00,-36.40,-26.79,0.00,0.00,0.00,0.00,0.00,0.00,-7.78,,0.00,0.00,-63.19,,,,,,,,,,,,,,,,,
N,PETSMART #2787 299 12TH STREET SW FOREST LAKE    MNUS,General shopping,0.00,0.00,0.00,0.00,0.00,0.00,0.00,0.00,0.00,0.00,0.00,0.00,0.00,,-20.58,0.00,-20.58,,,,,,,,,,,,,,,,,
N,PILOT #581 11650 COURTHOUSE BLINVER GROVE H  MNUS,General shopping,0.00,0.00,0.00,0.00,0.00,0.00,0.00,0.00,0.00,0.00,0.00,0.00,0.00,,0.00,0.00,0.00,,,,,,,,,,,,,,,,,
N,PINE CITY ANIMA,General shopping,0.00,0.00,0.00,0.00,0.00,0.00,0.00,0.00,0.00,0.00,0.00,0.00,0.00,,-459.25,0.00,-459.25,,,,,,,,,,,,,,,,,
B,PIZZA PUB,Restaurants,-39.90,-16.79,0.00,0.00,-8.24,0.00,0.00,0.00,0.00,0.00,0.00,-14.87,0.00,,0.00,0.00,-25.03,,,,,,,,,,,,,,,,,
B,REVIVED IRON - 30144 Stacy Ponds DSTACY          MNUS,Cars/repairs/oil/parts,-296.86,0.00,0.00,-146.82,0.00,-79.51,0.00,0.00,0.00,0.00,-70.53,0.00,0.00,,0.00,0.00,-296.86,,,,,,,,,,,,,,,,,
N,Roku,Streaming,-75.08,-15.02,-15.02,-15.01,-15.01,-15.02,0.00,0.00,0.00,0.00,0.00,0.00,0.00,,-15.02,-15.02,-105.12,,,,,,,,,,,,,,,,,
N,Samaritan Ministries,Health - Samaritan Ministries,"-5,000.92","2,309.95",-652.62,-649.00,-766.06,0.00,0.00,"-2,130.31",-438.79,-672.20,-668.94,-667.16,-665.79,,-656.58,"3,766.57",-557.98,,,,,,,,,,,,,,,,,
N,SP GAIDAMA 5297 South Joplin PTULSA          OKUS,General shopping,-133.80,0.00,-133.80,0.00,0.00,0.00,0.00,0.00,0.00,0.00,0.00,0.00,0.00,,0.00,0.00,-133.80,,,,,,,,,,,,,,,,,
B,SPEEDWAY,Convenience Stores,-78.35,0.00,0.00,0.00,0.00,0.00,0.00,0.00,0.00,0.00,0.00,0.00,-78.35,,0.00,0.00,0.00,,,,,,,,,,,,,,,,,
N,SQ *HAIRDO,General shopping,-32.50,0.00,0.00,0.00,0.00,0.00,0.00,-32.50,0.00,0.00,0.00,0.00,0.00,,-38.66,0.00,-71.16,,,,,,,,,,,,,,,,,
B,SQ *MINNESOTA S 11217 Lake Blvd    gosq.com       MNUS,Restaurants,-160.00,-160.00,0.00,0.00,0.00,0.00,0.00,0.00,0.00,0.00,0.00,0.00,0.00,,0.00,0.00,-160.00,,,,,,,,,,,,,,,,,
N,SQ *MINNESOTA SC   LINDSTROM      MNUS,Restaurants,-40.00,0.00,0.00,0.00,0.00,-40.00,0.00,0.00,0.00,0.00,0.00,0.00,0.00,,0.00,0.00,-40.00,,,,,,,,,,,,,,,,,
N,SQ *RUSH CITY,Governments,-38.50,-6.00,0.00,0.00,0.00,0.00,0.00,-32.50,0.00,0.00,0.00,0.00,0.00,,-38.66,0.00,-77.16,,,,,,,,,,,,,,,,,
N,SQ *SCHOONY'SMA 327-361 Bench StreeTaylors Falls  MNUS,Restaurants,-16.09,0.00,0.00,0.00,0.00,0.00,-16.09,0.00,0.00,0.00,0.00,0.00,0.00,,0.00,0.00,-16.09,,,,,,,,,,,,,,,,,
N,STARBUCKS,Restaurants,0.00,0.00,0.00,0.00,0.00,0.00,0.00,0.00,0.00,0.00,0.00,0.00,0.00,,0.00,0.00,0.00,,,,,,,,,,,,,,,,,
N,Store 1400 Hwy 101 North Plymouth       MNUS,General shopping,-12.64,0.00,0.00,-12.64,0.00,0.00,0.00,0.00,0.00,0.00,0.00,0.00,0.00,,0.00,0.00,-12.64,,,,,,,,,,,,,,,,,
N,Subway,Restaurants,-11.26,0.00,0.00,-11.26,0.00,0.00,0.00,0.00,0.00,0.00,0.00,0.00,0.00,,0.00,-10.18,-21.44,,,,,,,,,,,,,,,,,
N,TACO BELL,Restaurants,-6.48,0.00,0.00,0.00,0.00,0.00,-6.48,0.00,0.00,0.00,0.00,0.00,0.00,,-7.58,0.00,-14.06,,,,,,,,,,,,,,,,,
N,TARGET,General shopping,-626.52,0.00,0.00,0.00,0.00,0.00,-71.99,0.00,0.00,-34.66,0.00,-508.78,-11.09,,0.00,0.00,-106.65,,,,,,,,,,,,,,,,,
N,THE BEST STEAK 59 S LAKE ST       FOREST LAKE    MNUS,Restaurants,-14.95,0.00,0.00,0.00,0.00,0.00,0.00,0.00,0.00,0.00,0.00,0.00,-14.95,,0.00,0.00,0.00,,,,,,,,,,,,,,,,,
N,THE BUCKLE ECOM 2407 W 24TH STREET KEARNEY        NEUS,General shopping,-68.36,0.00,0.00,0.00,0.00,0.00,-68.36,0.00,0.00,0.00,0.00,0.00,0.00,,0.00,0.00,-68.36,,,,,,,,,,,,,,,,,
N,THE HUNGRY FARMER MNORTH BRANCH   MNUS,Restaurants,-55.86,0.00,0.00,0.00,0.00,0.00,0.00,0.00,0.00,0.00,0.00,0.00,-55.86,,0.00,0.00,0.00,,,,,,,,,,,,,,,,,
B,THE OLD LOG CAB 9726 Scandia Trail FOREST LAKE    MNUS,Restaurants,-126.06,-58.11,0.00,0.00,-49.21,-18.74,0.00,0.00,0.00,0.00,0.00,0.00,0.00,,0.00,-54.79,-180.85,,,,,,,,,,,,,,,,,
N,THE UPS STORE,General shopping,-30.69,0.00,0.00,0.00,-30.69,0.00,0.00,0.00,0.00,0.00,0.00,0.00,0.00,,0.00,0.00,-30.69,,,,,,,,,,,,,,,,,
N,TRUSTONE FINANCIAL,Mortgage,"-12,148.00","-1,009.00","-1,009.00","-1,009.00","-1,009.00","-2,018.00",0.00,"-1,017.00","-2,034.00",0.00,"-2,034.00",0.00,"-1,009.00",,"-2,134.00",0.00,"-13,273.00",,,,,,,,,,,,,,,,,
N,TST*,Unknown,-156.30,-12.88,-30.39,0.00,0.00,0.00,-19.73,0.00,0.00,-23.71,0.00,-69.59,0.00,,0.00,0.00,-86.71,,,,,,,,,,,,,,,,,
N,TWO STOOGES BAR & GFRIDLEY        MNUS,Restaurants,0.00,0.00,0.00,0.00,0.00,0.00,0.00,0.00,0.00,0.00,0.00,0.00,0.00,,0.00,0.00,0.00,,,,,,,,,,,,,,,,,
N,UDEMY,General shopping,-24.69,0.00,0.00,0.00,0.00,0.00,0.00,0.00,0.00,0.00,0.00,-24.69,0.00,,0.00,0.00,0.00,,,,,,,,,,,,,,,,,
N,ULTA #173 8290 TAMARACK VILLAWOODBURY       MNUS,General shopping,-7.59,0.00,0.00,0.00,0.00,0.00,0.00,0.00,-7.59,0.00,0.00,0.00,0.00,,0.00,0.00,-7.59,,,,,,,,,,,,,,,,,
N,USPS PO 26815 265 W 5TH ST       RUSH CITY      MNUS,General shopping,-80.94,0.00,0.00,0.00,0.00,0.00,0.00,0.00,0.00,-7.94,0.00,-73.00,0.00,,0.00,0.00,-7.94,,,,,,,,,,,,,,,,,
N,VALLEYFAIR ONLI 1 VALLEYFAIR DR    942-4457600    MNUS,Entertainment/books,-89.33,0.00,0.00,0.00,0.00,0.00,0.00,0.00,-89.33,0.00,0.00,0.00,0.00,,0.00,0.00,-89.33,,,,,,,,,,,,,,,,,
N,VALLEYFAIR PARK 1 VALLEYFAIR DR    SHAKOPEE       MNUS,Entertainment/books,-26.00,0.00,0.00,0.00,0.00,0.00,0.00,0.00,-26.00,0.00,0.00,0.00,0.00,,0.00,0.00,-26.00,,,,,,,,,,,,,,,,,
W,VAN. PURCHASE,Van purchase,"-14,396.70","-14,396.70",0.00,0.00,0.00,0.00,0.00,0.00,0.00,0.00,0.00,0.00,0.00,,0.00,0.00,"-14,396.70",,,,,,,,,,,,,,,,,
B,WAL-MART,General shopping,"-6,142.69",-619.45,-314.01,-618.59,-559.05,-862.99,-184.20,-319.70,-690.82,-265.47,-597.81,-437.66,-672.94,,-403.70,-454.93,"-5,890.72",,,,,,,,,,,,,,,,,
B,Walmart.com        Bentonville    ARUS,General shopping,-40.95,0.00,0.00,0.00,0.00,0.00,0.00,-40.95,0.00,0.00,0.00,0.00,0.00,,0.00,0.00,-40.95,,,,,,,,,,,,,,,,,
N,WASHINGTON COUN 19955 FOREST RD N  FOREST LAKE    MNUS,Governments,-485.03,0.00,0.00,-42.02,0.00,-443.01,0.00,0.00,0.00,0.00,0.00,0.00,0.00,,0.00,0.00,-485.03,,,,,,,,,,,,,,,,,
N,WELIA HEALTH,Health - Welia,"7,491.53","9,340.00","-1,267.76",-291.15,0.00,0.00,-186.84,462.00,0.00,0.00,0.00,-564.72,0.00,,"-23,753.97","13,376.70","-2,321.02",,,,,,,,,,,,,,,,,
N,WHITE CASTLE 608 CENTRAL AVE NE MINNEAPOLIS    MNUS,Restaurants,-44.35,0.00,0.00,0.00,-21.79,-22.56,0.00,0.00,0.00,0.00,0.00,0.00,0.00,,0.00,0.00,-44.35,,,,,,,,,,,,,,,,,
W,WILLY MCCOYS 10700 FRANCE AVE S BLOOMINGTON    MNUS,Restaurants,-20.11,0.00,0.00,0.00,-20.11,0.00,0.00,0.00,0.00,0.00,0.00,0.00,0.00,,0.00,0.00,-20.11,,,,,,,,,,,,,,,,,
N,WINE & ROSES,General shopping,-18.99,0.00,0.00,0.00,0.00,0.00,-18.99,0.00,0.00,0.00,0.00,0.00,0.00,,0.00,0.00,-18.99,,,,,,,,,,,,,,,,,
